[{"pk": 1, "model": "vocab.word", "fields": {"text": "abstain", "level": 1}}, {"pk": 2, "model": "vocab.word", "fields": {"text": "copious", "level": 1}}, {"pk": 3, "model": "vocab.word", "fields": {"text": "mellow", "level": 1}}, {"pk": 4, "model": "vocab.word", "fields": {"text": "conducive", "level": 1}}, {"pk": 5, "model": "vocab.word", "fields": {"text": "cornucopia", "level": 1}}, {"pk": 6, "model": "vocab.word", "fields": {"text": "attest", "level": 1}}, {"pk": 7, "model": "vocab.word", "fields": {"text": "equitable", "level": 1}}, {"pk": 8, "model": "vocab.word", "fields": {"text": "debacle", "level": 1}}, {"pk": 9, "model": "vocab.word", "fields": {"text": "abjure", "level": 1}}, {"pk": 10, "model": "vocab.word", "fields": {"text": "hapless", "level": 1}}, {"pk": 11, "model": "vocab.word", "fields": {"text": "abrogate", "level": 2}}, {"pk": 12, "model": "vocab.word", "fields": {"text": "ineffable", "level": 2}}, {"pk": 13, "model": "vocab.word", "fields": {"text": "neophyte", "level": 2}}, {"pk": 14, "model": "vocab.word", "fields": {"text": "penurious", "level": 2}}, {"pk": 15, "model": "vocab.word", "fields": {"text": "plethora", "level": 2}}, {"pk": 16, "model": "vocab.word", "fields": {"text": "rebuke", "level": 2}}, {"pk": 17, "model": "vocab.word", "fields": {"text": "salient", "level": 2}}, {"pk": 18, "model": "vocab.word", "fields": {"text": "tenuous", "level": 2}}, {"pk": 19, "model": "vocab.word", "fields": {"text": "boon", "level": 2}}, {"pk": 20, "model": "vocab.word", "fields": {"text": "cogent", "level": 2}}, {"pk": 21, "model": "vocab.word", "fields": {"text": "cacophony", "level": 3}}, {"pk": 22, "model": "vocab.word", "fields": {"text": "gregarious", "level": 3}}, {"pk": 23, "model": "vocab.word", "fields": {"text": "alacrity", "level": 3}}, {"pk": 24, "model": "vocab.word", "fields": {"text": "pallid", "level": 3}}, {"pk": 25, "model": "vocab.word", "fields": {"text": "paucity", "level": 3}}, {"pk": 26, "model": "vocab.word", "fields": {"text": "odious", "level": 3}}, {"pk": 27, "model": "vocab.word", "fields": {"text": "obsequious", "level": 3}}, {"pk": 28, "model": "vocab.word", "fields": {"text": "rescind", "level": 3}}, {"pk": 30, "model": "vocab.word", "fields": {"text": "stolid", "level": 3}}, {"pk": 31, "model": "vocab.word", "fields": {"text": "somnolent", "level": 3}}, {"pk": 50, "model": "vocab.definition", "fields": {"text": "hopelessly unsuccessful", "word": 10}}, {"pk": 48, "model": "vocab.definition", "fields": {"text": "renounce a belief", "word": 9}}, {"pk": 51, "model": "vocab.definition", "fields": {"text": "give up a claim", "word": 9}}, {"pk": 52, "model": "vocab.definition", "fields": {"text": "retract a claim ", "word": 9}}, {"pk": 47, "model": "vocab.definition", "fields": {"text": "renounce completely", "word": 9}}, {"pk": 45, "model": "vocab.definition", "fields": {"text": "a total fail", "word": 8}}, {"pk": 44, "model": "vocab.definition", "fields": {"text": "evenly divided", "word": 7}}, {"pk": 53, "model": "vocab.definition", "fields": {"text": "a fair split", "word": 7}}, {"pk": 54, "model": "vocab.definition", "fields": {"text": "an even distribution", "word": 7}}, {"pk": 43, "model": "vocab.definition", "fields": {"text": "divided evenly", "word": 7}}, {"pk": 41, "model": "vocab.definition", "fields": {"text": "declare that something is true", "word": 6}}, {"pk": 55, "model": "vocab.definition", "fields": {"text": "serve as clear evidence for something", "word": 6}}, {"pk": 56, "model": "vocab.definition", "fields": {"text": "declare that something exists", "word": 6}}, {"pk": 39, "model": "vocab.definition", "fields": {"text": "receptacle shaped like a horn", "word": 5}}, {"pk": 36, "model": "vocab.definition", "fields": {"text": "really chill", "word": 3}}, {"pk": 35, "model": "vocab.definition", "fields": {"text": "soft and sweet", "word": 3}}, {"pk": 57, "model": "vocab.definition", "fields": {"text": "relaxed ", "word": 3}}, {"pk": 58, "model": "vocab.definition", "fields": {"text": "easy-going", "word": 3}}, {"pk": 34, "model": "vocab.definition", "fields": {"text": "an extremely large amount of something", "word": 2}}, {"pk": 33, "model": "vocab.definition", "fields": {"text": "abundant in quantity", "word": 2}}, {"pk": 32, "model": "vocab.definition", "fields": {"text": "refrain from doing something ", "word": 1}}, {"pk": 59, "model": "vocab.definition", "fields": {"text": "stop drinking alcohol", "word": 1}}, {"pk": 31, "model": "vocab.definition", "fields": {"text": "practice self-denial", "word": 1}}, {"pk": 30, "model": "vocab.definition", "fields": {"text": "sleepy", "word": 31}}, {"pk": 1, "model": "vocab.definition", "fields": {"text": "withhold from doing something", "word": 1}}, {"pk": 29, "model": "vocab.definition", "fields": {"text": "unemotional", "word": 30}}, {"pk": 8, "model": "vocab.definition", "fields": {"text": "complete disaster", "word": 8}}, {"pk": 10, "model": "vocab.definition", "fields": {"text": "unlucky", "word": 10}}, {"pk": 2, "model": "vocab.definition", "fields": {"text": "a lot of", "word": 2}}, {"pk": 4, "model": "vocab.definition", "fields": {"text": "helpful for doing something", "word": 4}}, {"pk": 5, "model": "vocab.definition", "fields": {"text": "plentiful", "word": 5}}, {"pk": 7, "model": "vocab.definition", "fields": {"text": "fair", "word": 7}}, {"pk": 3, "model": "vocab.definition", "fields": {"text": "soft", "word": 3}}, {"pk": 6, "model": "vocab.definition", "fields": {"text": "declare something is true", "word": 6}}, {"pk": 9, "model": "vocab.definition", "fields": {"text": "reject ", "word": 9}}, {"pk": 28, "model": "vocab.definition", "fields": {"text": "<b>means</b> </br>\r\n</br>\r\ntake back", "word": 28}}, {"pk": 27, "model": "vocab.definition", "fields": {"text": "<b>means</b> </br>\r\n</br>\r\nsubmissive", "word": 27}}, {"pk": 26, "model": "vocab.definition", "fields": {"text": "<b>means</b> </br>\r\n</br>\r\nso bad you'd hate it", "word": 26}}, {"pk": 25, "model": "vocab.definition", "fields": {"text": "<b>means</b> </br>\r\n</br>\r\nvery little of something", "word": 25}}, {"pk": 24, "model": "vocab.definition", "fields": {"text": "<b>means</b> </br>\r\n</br>\r\npale ", "word": 24}}, {"pk": 17, "model": "vocab.definition", "fields": {"text": "<b>means</b> </br>\r\n</br>\r\nsignificant", "word": 17}}, {"pk": 11, "model": "vocab.definition", "fields": {"text": "<b>means</b> </br>\r\n</br>\r\nget rid of", "word": 11}}, {"pk": 22, "model": "vocab.definition", "fields": {"text": "<b>example</b> </br>\r\n</br>\r\na social butterfly", "word": 22}}, {"pk": 23, "model": "vocab.definition", "fields": {"text": "<b>means</b> </br>\r\n</br>\r\nspeed", "word": 23}}, {"pk": 12, "model": "vocab.definition", "fields": {"text": "<b>means</b> </br>\r\n</br>\r\ncan't be explained in words", "word": 12}}, {"pk": 21, "model": "vocab.definition", "fields": {"text": "<b>means</b> </br>\r\n</br>\r\nlots of noise", "word": 21}}, {"pk": 20, "model": "vocab.definition", "fields": {"text": "<b>means</b> </br>\r\n</br>\r\nwell thought out", "word": 20}}, {"pk": 19, "model": "vocab.definition", "fields": {"text": "<b>means</b> </br>\r\n</br>\r\na blessing", "word": 19}}, {"pk": 18, "model": "vocab.definition", "fields": {"text": "<b>means</b> </br>\r\n</br>\r\nweak", "word": 18}}, {"pk": 16, "model": "vocab.definition", "fields": {"text": "<b>means</b> </br>\r\n</br>\r\ncriticize", "word": 16}}, {"pk": 14, "model": "vocab.definition", "fields": {"text": "<b>means</b> </br>\r\n</br>\r\nstingy ", "word": 14}}, {"pk": 13, "model": "vocab.definition", "fields": {"text": "<b>means</b> </br>\r\n</br>\r\ninexperienced", "word": 13}}, {"pk": 15, "model": "vocab.definition", "fields": {"text": "<b>means</b> </br>\r\n</br>\r\na whole lot of something", "word": 15}}, {"pk": 2, "model": "vocab.level", "fields": {"number": 2}}, {"pk": 1, "model": "vocab.level", "fields": {"number": 1}}, {"pk": 3, "model": "vocab.level", "fields": {"number": 3}}]